method,avg_active_links,avg_attempted_bits,avg_successful_bits,avg_active_ber
Full-search,6.0,60000.0,38087.202,0.3652133
Supervised DNN,6.0,60000.0,37942.056,0.3676324
Unsupervised DNN hard,6.0,60000.0,37909.5855,0.36817357500000003
DQN,6.0,60000.0,37485.3455,0.37524424166666664
Random,6.0,60000.0,37074.41,0.38209316666666665
All-max,6.0,60000.0,37100.393,0.38166011666666666
