method,avg_sum_rate_bpcu,median_sum_rate_bpcu,avg_reliable_bits_per_sample
Full-search,3.904074558128137,3.013069654472215,39040.74558128137
Supervised DNN,3.8241313790084033,2.9142018063392285,38241.31379008404
Unsupervised DNN hard,3.808008310066739,2.8854601548729377,38080.08310066739
DQN,3.351036530946642,2.4264351745132506,33510.36530946642
Random,2.6463222123598316,1.7314369328348356,26463.222123598316
All-max,2.637914531017848,1.7257318210369643,26379.145310178472
