method,average_capacity,average_ratio,median_ratio,minimum_ratio,maximum_ratio,std_ratio
Full-search,17.2519016135,1.0,1.0,1.0,1.0,0.0
Supervised DNN,16.487870587951306,0.9483146164693671,0.9999999970001443,1.086120666249453e-07,1.0000000377143514,0.20773817914904094
Unsupervised DNN soft,13.366403105258941,0.7874171920540821,0.7868037962920259,0.330735454707112,1.0058216786162384,0.15188915274934545
Unsupervised DNN hard,13.36624186038971,0.7874092960783504,0.7868027541491298,0.3307357738466631,1.0000000689814526,0.1518804786706732
DQN,16.74545323959289,0.9704366559933041,0.9692873345906369,0.5940263154188706,1.0000000376379365,0.03004839593764554
Random,2.924036247244569,0.1574985533125805,0.1196028572184813,0.0015464048981009035,0.9580837212455482,0.13022768543104918
All-max,2.671778961140475,0.1405338658491441,0.10470810235753328,0.004987720859163608,0.8063679347733091,0.11477733940198297
